{
  "type": "shaker",
  "neverRecomputeExistingPartitions": false,
  "optionalDependencies": false,
  "params": {
    "engineParams": {
      "spark": {
        "pipelineAllowStart": true,
        "pipelineAllowMerge": true,
        "sparkConfig": {
          "inheritConf": "default",
          "conf": []
        },
        "readParams": {
          "map": {
            "raw_data": {
              "repartition": 10,
              "cache": false
            },
            "dropoff_latitude": {
              "repartition": 10,
              "cache": false
            },
            "dropoff_longitude": {
              "repartition": 10,
              "cache": false
            }
          }
        },
        "useGlobalMetastore": false
      },
      "hadoopConfigKeys": [],
      "maxThreads": 8
    }
  },
  "customMeta": {
    "kv": {}
  },
  "redispatchPartitioning": false,
  "maxRunningActivities": 0,
  "inputs": {
    "main": {
      "items": [
        {
          "ref": "raw_data",
          "deps": []
        }
      ]
    },
    "scriptDeps": {
      "items": [
        {
          "ref": "dropoff_latitude",
          "deps": []
        },
        {
          "ref": "dropoff_longitude",
          "deps": []
        },
        {
          "ref": "pickup_latitude",
          "deps": []
        },
        {
          "ref": "pickup_longitude",
          "deps": []
        }
      ]
    }
  },
  "outputs": {
    "main": {
      "items": [
        {
          "ref": "raw_data_preperation_location",
          "appendMode": false
        }
      ]
    }
  },
  "versionTag": {
    "versionNumber": 3,
    "lastModifiedBy": {
      "login": "admin"
    },
    "lastModifiedOn": 1540033901879
  },
  "creationTag": {
    "versionNumber": 0,
    "lastModifiedBy": {
      "login": "admin"
    },
    "lastModifiedOn": 1540032717603
  },
  "tags": [],
  "checklists": {
    "checklists": []
  }
}